GENESIS-Tabelle: 11111-0002
Gebietsfläche: Kreise, Stichtag;;
Feststellung des Gebietsstands;;
Gebietsfläche (qkm);;
;;Stichtag
;;31.12.2020
01001;Flensburg, kreisfreie Stadt;56,73
01002;Kiel, kreisfreie Stadt;118,65
01003;Lübeck, kreisfreie Stadt;214,19
01004;Neumünster, kreisfreie Stadt;71,66
01051;Dithmarschen, Landkreis;1428,17
01053;Herzogtum Lauenburg, Landkreis;1263,07
01054;Nordfriesland, Landkreis;2083,56
01055;Ostholstein, Landkreis;1393,02
01056;Pinneberg, Landkreis;664,25
01057;Plön, Landkreis;1083,56
01058;Rendsburg-Eckernförde, Landkreis;2189,79
01059;Schleswig-Flensburg, Landkreis;2071,28
01060;Segeberg, Landkreis;1344,47
01061;Steinburg, Landkreis;1055,70
01062;Stormarn, Landkreis;766,22
02000;Hamburg, kreisfreie Stadt;755,09
03101;Braunschweig, kreisfreie Stadt;192,70
03102;Salzgitter, kreisfreie Stadt;224,49
03103;Wolfsburg, kreisfreie Stadt;204,61
03151;Gifhorn, Landkreis;1567,57
03152;Göttingen, Landkreis (bis 31.10.2016);-
03153;Goslar, Landkreis;966,72
03154;Helmstedt, Landkreis;676,13
03155;Northeim, Landkreis;1268,76
03156;Osterode am Harz, Landkreis (bis 31.10.2016);-
03157;Peine, Landkreis;536,50
03158;Wolfenbüttel, Landkreis;724,32
03159;Göttingen, Landkreis;1755,41
03201;Hannover, kreisfreie Stadt (bis 31.10.2001);-
03241;Region Hannover, Landkreis;2297,12
03251;Diepholz, Landkreis;1991,00
03252;Hameln-Pyrmont, Landkreis;797,54
03253;Hannover, Landkreis (bis 31.10.2001);-
03254;Hildesheim, Landkreis;1208,34
03255;Holzminden, Landkreis;694,27
03256;Nienburg (Weser), Landkreis;1400,82
03257;Schaumburg, Landkreis;675,68
03351;Celle, Landkreis;1550,83
03352;Cuxhaven, Landkreis;2058,96
03353;Harburg, Landkreis;1248,45
03354;Lüchow-Dannenberg, Landkreis;1227,33
03355;Lüneburg, Landkreis;1327,80
03356;Osterholz, Landkreis;652,67
03357;Rotenburg (Wümme), Landkreis;2074,78
03358;Heidekreis;1881,46
03359;Stade, Landkreis;1267,38
03360;Uelzen, Landkreis;1462,59
03361;Verden, Landkreis;789,33
03401;Delmenhorst, kreisfreie Stadt;62,45
03402;Emden, kreisfreie Stadt;112,34
03403;Oldenburg (Oldenburg), kreisfreie Stadt;103,09
03404;Osnabrück, kreisfreie Stadt;119,80
03405;Wilhelmshaven, kreisfreie Stadt;107,07
03451;Ammerland, Landkreis;760,64
03452;Aurich, Landkreis;1287,36
03453;Cloppenburg, Landkreis;1420,34
03454;Emsland, Landkreis;2883,66
03455;Friesland, Landkreis;609,53
03456;Grafschaft Bentheim, Landkreis;981,79
03457;Leer, Landkreis;1085,72
03458;Oldenburg, Landkreis;1064,83
03459;Osnabrück, Landkreis;2121,81
03460;Vechta, Landkreis;814,21
03461;Wesermarsch, Landkreis;824,78
03462;Wittmund, Landkreis;656,86
04011;Bremen, kreisfreie Stadt;318,21
04012;Bremerhaven, kreisfreie Stadt;101,41
05111;Düsseldorf, kreisfreie Stadt;217,41
05112;Duisburg, kreisfreie Stadt;232,80
05113;Essen, kreisfreie Stadt;210,34
05114;Krefeld, kreisfreie Stadt;137,78
05116;Mönchengladbach, kreisfreie Stadt;170,47
05117;Mülheim an der Ruhr, kreisfreie Stadt;91,28
05119;Oberhausen, kreisfreie Stadt;77,09
05120;Remscheid, kreisfreie Stadt;74,52
05122;Solingen, kreisfreie Stadt;89,54
05124;Wuppertal, kreisfreie Stadt;168,39
05154;Kleve, Landkreis;1232,99
05158;Mettmann, Landkreis;407,22
05162;Rhein-Kreis Neuss;576,44
05166;Viersen, Landkreis;563,28
05170;Wesel, Landkreis;1042,80
05313;Aachen, kreisfreie Stadt (bis 20.10.2009);-
05314;Bonn, kreisfreie Stadt;141,06
05315;Köln, kreisfreie Stadt;405,01
05316;Leverkusen, kreisfreie Stadt;78,87
05334;Städteregion Aachen, Landkreis;706,91
05354;Aachen, Landkreis (bis 20.10.2009);-
05358;Düren, Landkreis;941,49
05362;Rhein-Erft-Kreis;704,71
05366;Euskirchen, Landkreis;1248,73
05370;Heinsberg, Landkreis;627,91
05374;Oberbergischer Kreis;918,85
05378;Rheinisch-Bergischer Kreis;437,32
05382;Rhein-Sieg-Kreis;1153,21
05512;Bottrop, kreisfreie Stadt;100,62
05513;Gelsenkirchen, kreisfreie Stadt;104,94
05515;Münster, kreisfreie Stadt;303,28
05554;Borken, Landkreis;1420,98
05558;Coesfeld, Landkreis;1112,04
05562;Recklinghausen, Landkreis;761,31
05566;Steinfurt, Landkreis;1795,75
05570;Warendorf, Landkreis;1319,42
05711;Bielefeld, kreisfreie Stadt;258,83
05754;Gütersloh, Landkreis;969,21
05758;Herford, Landkreis;450,40
05762;Höxter, Landkreis;1201,42
05766;Lippe, Landkreis;1246,21
05770;Minden-Lübbecke, Landkreis;1152,41
05774;Paderborn, Landkreis;1246,80
05911;Bochum, kreisfreie Stadt;145,66
05913;Dortmund, kreisfreie Stadt;280,71
05914;Hagen, kreisfreie Stadt;160,45
05915;Hamm, kreisfreie Stadt;226,43
05916;Herne, kreisfreie Stadt;51,42
05954;Ennepe-Ruhr-Kreis;409,64
05958;Hochsauerlandkreis;1960,17
05962;Märkischer Kreis;1061,09
05966;Olpe, Landkreis;712,11
05970;Siegen-Wittgenstein, Landkreis;1132,89
05974;Soest, Landkreis;1328,63
05978;Unna, Landkreis;543,21
06411;Darmstadt, kreisfreie Stadt;122,07
06412;Frankfurt am Main, kreisfreie Stadt;248,31
06413;Offenbach am Main, kreisfreie Stadt;44,88
06414;Wiesbaden, kreisfreie Stadt;203,87
06431;Bergstraße, Landkreis;719,47
06432;Darmstadt-Dieburg, Landkreis;658,64
06433;Groß-Gerau, Landkreis;453,03
06434;Hochtaunuskreis;481,84
06435;Main-Kinzig-Kreis;1397,32
06436;Main-Taunus-Kreis;222,53
06437;Odenwaldkreis;623,97
06438;Offenbach, Landkreis;356,24
06439;Rheingau-Taunus-Kreis;811,41
06440;Wetteraukreis;1100,66
06531;Gießen, Landkreis;854,56
06532;Lahn-Dill-Kreis;1066,30
06533;Limburg-Weilburg, Landkreis;738,44
06534;Marburg-Biedenkopf, Landkreis;1262,37
06535;Vogelsbergkreis;1458,91
06611;Kassel, kreisfreie Stadt;106,80
06631;Fulda, Landkreis;1380,41
06632;Hersfeld-Rotenburg, Landkreis;1097,75
06633;Kassel, Landkreis;1293,30
06634;Schwalm-Eder-Kreis;1539,01
06635;Waldeck-Frankenberg, Landkreis;1848,70
06636;Werra-Meißner-Kreis;1024,83
07111;Koblenz, kreisfreie Stadt;105,25
07131;Ahrweiler, Landkreis;787,02
07132;Altenkirchen (Westerwald), Landkreis;642,38
07133;Bad Kreuznach, Landkreis;863,89
07134;Birkenfeld, Landkreis;776,83
07135;Cochem-Zell, Landkreis;692,43
07137;Mayen-Koblenz, Landkreis;817,73
07138;Neuwied, Landkreis;627,06
07140;Rhein-Hunsrück-Kreis;991,06
07141;Rhein-Lahn-Kreis;782,24
07143;Westerwaldkreis;989,04
07211;Trier, kreisfreie Stadt;117,06
07231;Bernkastel-Wittlich, Landkreis;1167,92
07232;Eifelkreis Bitburg-Prüm;1626,95
07233;Vulkaneifel, Landkreis;911,64
07235;Trier-Saarburg, Landkreis;1102,26
07311;Frankenthal (Pfalz), kreisfreie Stadt;43,88
07312;Kaiserslautern, kreisfreie Stadt;139,70
07313;Landau in der Pfalz, kreisfreie Stadt;82,94
07314;Ludwigshafen am Rhein, kreisfreie Stadt;77,43
07315;Mainz, kreisfreie Stadt;97,73
07316;Neustadt an der Weinstraße, kreisfreie Stadt;117,09
07317;Pirmasens, kreisfreie Stadt;61,35
07318;Speyer, kreisfreie Stadt;42,71
07319;Worms, kreisfreie Stadt;108,73
07320;Zweibrücken, kreisfreie Stadt;70,64
07331;Alzey-Worms, Landkreis;588,07
07332;Bad Dürkheim, Landkreis;594,64
07333;Donnersbergkreis;645,41
07334;Germersheim, Landkreis;463,32
07335;Kaiserslautern, Landkreis;640,00
07336;Kusel, Landkreis;573,61
07337;Südliche Weinstraße, Landkreis;639,93
07338;Rhein-Pfalz-Kreis;304,99
07339;Mainz-Bingen, Landkreis;605,36
07340;Südwestpfalz, Landkreis;953,53
08111;Stuttgart, kreisfreie Stadt;207,32
08115;Böblingen, Landkreis;617,76
08116;Esslingen, Landkreis;641,28
08117;Göppingen, Landkreis;642,34
08118;Ludwigsburg, Landkreis;686,77
08119;Rems-Murr-Kreis;858,08
08121;Heilbronn, kreisfreie Stadt;99,90
08125;Heilbronn, Landkreis;1099,91
08126;Hohenlohekreis;776,76
08127;Schwäbisch Hall, Landkreis;1484,07
08128;Main-Tauber-Kreis;1304,12
08135;Heidenheim, Landkreis;627,14
08136;Ostalbkreis;1511,39
08211;Baden-Baden, kreisfreie Stadt;140,19
08212;Karlsruhe, kreisfreie Stadt;173,42
08215;Karlsruhe, Landkreis;1084,98
08216;Rastatt, Landkreis;738,43
08221;Heidelberg, kreisfreie Stadt;108,83
08222;Mannheim, kreisfreie Stadt;144,97
08225;Neckar-Odenwald-Kreis;1125,95
08226;Rhein-Neckar-Kreis;1061,55
08231;Pforzheim, kreisfreie Stadt;97,99
08235;Calw, Landkreis;797,29
08236;Enzkreis;573,60
08237;Freudenstadt, Landkreis;870,40
08311;Freiburg im Breisgau, kreisfreie Stadt;153,04
08315;Breisgau-Hochschwarzwald, Landkreis;1378,32
08316;Emmendingen, Landkreis;679,80
08317;Ortenaukreis;1860,29
08325;Rottweil, Landkreis;769,42
08326;Schwarzwald-Baar-Kreis;1025,34
08327;Tuttlingen, Landkreis;734,38
08335;Konstanz, Landkreis;817,98
08336;Lörrach, Landkreis;806,66
08337;Waldshut, Landkreis;1131,12
08415;Reutlingen, Landkreis;1092,48
08416;Tübingen, Landkreis;519,11
08417;Zollernalbkreis;917,58
08421;Ulm, kreisfreie Stadt;118,68
08425;Alb-Donau-Kreis;1358,54
08426;Biberach, Landkreis;1409,52
08435;Bodenseekreis;664,77
08436;Ravensburg, Landkreis;1632,08
08437;Sigmaringen, Landkreis;1204,23
09161;Ingolstadt, kreisfreie Stadt;133,35
09162;München, kreisfreie Stadt;310,70
09163;Rosenheim, kreisfreie Stadt;37,22
09171;Altötting, Landkreis;569,28
09172;Berchtesgadener Land, Landkreis;839,82
09173;Bad Tölz-Wolfratshausen, Landkreis;1110,67
09174;Dachau, Landkreis;579,16
09175;Ebersberg, Landkreis;549,39
09176;Eichstätt, Landkreis;1213,85
09177;Erding, Landkreis;870,74
09178;Freising, Landkreis;799,85
09179;Fürstenfeldbruck, Landkreis;434,80
09180;Garmisch-Partenkirchen, Landkreis;1012,17
09181;Landsberg am Lech, Landkreis;804,36
09182;Miesbach, Landkreis;866,21
09183;Mühldorf am Inn, Landkreis;805,33
09184;München, Landkreis;664,25
09185;Neuburg-Schrobenhausen, Landkreis;739,71
09186;Pfaffenhofen an der Ilm, Landkreis;761,05
09187;Rosenheim, Landkreis;1439,44
09188;Starnberg, Landkreis;487,71
09189;Traunstein, Landkreis;1533,76
09190;Weilheim-Schongau, Landkreis;966,28
09261;Landshut, kreisfreie Stadt;65,83
09262;Passau, kreisfreie Stadt;69,56
09263;Straubing, kreisfreie Stadt;67,59
09271;Deggendorf, Landkreis;861,17
09272;Freyung-Grafenau, Landkreis;983,85
09273;Kelheim, Landkreis;1065,13
09274;Landshut, Landkreis;1347,55
09275;Passau, Landkreis;1530,09
09276;Regen, Landkreis;974,78
09277;Rottal-Inn, Landkreis;1281,20
09278;Straubing-Bogen, Landkreis;1201,61
09279;Dingolfing-Landau, Landkreis;877,58
09361;Amberg, kreisfreie Stadt;50,13
09362;Regensburg, kreisfreie Stadt;80,86
09363;Weiden in der Oberpfalz, kreisfreie Stadt;70,57
09371;Amberg-Sulzbach, Landkreis;1255,86
09372;Cham, Landkreis;1526,82
09373;Neumarkt in der Oberpfalz, Landkreis;1343,96
09374;Neustadt an der Waldnaab, Landkreis;1427,69
09375;Regensburg, Landkreis;1391,65
09376;Schwandorf, Landkreis;1458,34
09377;Tirschenreuth, Landkreis;1084,25
09461;Bamberg, kreisfreie Stadt;54,62
09462;Bayreuth, kreisfreie Stadt;66,89
09463;Coburg, kreisfreie Stadt;48,29
09464;Hof, kreisfreie Stadt;58,02
09471;Bamberg, Landkreis;1167,79
09472;Bayreuth, Landkreis;1273,62
09473;Coburg, Landkreis;590,42
09474;Forchheim, Landkreis;642,82
09475;Hof, Landkreis;892,52
09476;Kronach, Landkreis;651,49
09477;Kulmbach, Landkreis;658,33
09478;Lichtenfels, Landkreis;519,94
09479;Wunsiedel im Fichtelgebirge, Landkreis;606,37
09561;Ansbach, kreisfreie Stadt;99,91
09562;Erlangen, kreisfreie Stadt;76,96
09563;Fürth, kreisfreie Stadt;63,35
09564;Nürnberg, kreisfreie Stadt;186,44
09565;Schwabach, kreisfreie Stadt;40,80
09571;Ansbach, Landkreis;1971,32
09572;Erlangen-Höchstadt, Landkreis;564,55
09573;Fürth, Landkreis;307,44
09574;Nürnberger Land, Landkreis;799,52
09575;Neustadt an der Aisch-Bad Windsheim, Landkreis;1267,45
09576;Roth, Landkreis;895,16
09577;Weißenburg-Gunzenhausen, Landkreis;970,78
09661;Aschaffenburg, kreisfreie Stadt;62,45
09662;Schweinfurt, kreisfreie Stadt;35,70
09663;Würzburg, kreisfreie Stadt;87,60
09671;Aschaffenburg, Landkreis;698,90
09672;Bad Kissingen, Landkreis;1136,90
09673;Rhön-Grabfeld, Landkreis;1021,68
09674;Haßberge, Landkreis;956,19
09675;Kitzingen, Landkreis;684,14
09676;Miltenberg, Landkreis;715,58
09677;Main-Spessart, Landkreis;1321,20
09678;Schweinfurt, Landkreis;841,39
09679;Würzburg, Landkreis;968,35
09761;Augsburg, kreisfreie Stadt;146,85
09762;Kaufbeuren, kreisfreie Stadt;40,02
09763;Kempten (Allgäu), kreisfreie Stadt;63,28
09764;Memmingen, kreisfreie Stadt;70,11
09771;Aichach-Friedberg, Landkreis;780,23
09772;Augsburg, Landkreis;1070,63
09773;Dillingen an der Donau, Landkreis;792,23
09774;Günzburg, Landkreis;762,40
09775;Neu-Ulm, Landkreis;515,84
09776;Lindau (Bodensee), Landkreis;323,39
09777;Ostallgäu, Landkreis;1394,43
09778;Unterallgäu, Landkreis;1229,57
09779;Donau-Ries, Landkreis;1274,57
09780;Oberallgäu, Landkreis;1527,96
10041;Regionalverband Saarbrücken, Landkreis;410,95
10042;Merzig-Wadern, Landkreis;556,66
10043;Neunkirchen, Landkreis;249,80
10044;Saarlouis, Landkreis;459,35
10045;Saarpfalz-Kreis;418,28
10046;Sankt Wendel, Landkreis;476,07
11000;Berlin, kreisfreie Stadt;891,12
12051;Brandenburg an der Havel, kreisfreie Stadt;229,72
12052;Cottbus, kreisfreie Stadt;165,62
12053;Frankfurt (Oder), kreisfreie Stadt;147,85
12054;Potsdam, kreisfreie Stadt;188,24
12060;Barnim, Landkreis;1479,58
12061;Dahme-Spreewald, Landkreis;2274,50
12062;Elbe-Elster, Landkreis;1899,20
12063;Havelland, Landkreis;1727,31
12064;Märkisch-Oderland, Landkreis;2158,65
12065;Oberhavel, Landkreis;1808,18
12066;Oberspreewald-Lausitz, Landkreis;1223,48
12067;Oder-Spree, Landkreis;2256,75
12068;Ostprignitz-Ruppin, Landkreis;2526,48
12069;Potsdam-Mittelmark, Landkreis;2592,02
12070;Prignitz, Landkreis;2138,54
12071;Spree-Neiße, Landkreis;1656,99
12072;Teltow-Fläming, Landkreis;2104,21
12073;Uckermark, Landkreis;3077,03
13001;Greifswald, kreisfreie Stadt (bis 03.09.2011);-
13002;Neubrandenburg, kreisfreie Stadt (bis 03.09.2011);-
13003;Rostock, kreisfreie Stadt;181,36
13004;Schwerin, kreisfreie Stadt;130,52
13005;Stralsund, kreisfreie Stadt (bis 03.09.2011);-
13006;Wismar, kreisfreie Stadt (bis 03.09.2011);-
13051;Bad Doberan, Landkreis (bis 03.09.2011);-
13052;Demmin, Landkreis (bis 03.09.2011);-
13053;Güstrow, Landkreis (bis 03.09.2011);-
13054;Ludwigslust, Landkreis (bis 03.09.2011);-
13055;Mecklenburg-Strelitz, Landkreis (bis 03.09.2011);-
13056;Müritz, Landkreis (bis 03.09.2011);-
13057;Nordvorpommern, Landkreis (bis 03.09.2011);-
13058;Nordwestmecklenburg, Landkreis (bis 03.09.2011);-
13059;Ostvorpommern, Landkreis (bis 03.09.2011);-
13060;Parchim, Landkreis (bis 03.09.2011);-
13061;Rügen, Landkreis (bis 03.09.2011);-
13062;Uecker-Randow, Landkreis (bis 03.09.2011);-
13071;Mecklenburgische Seenplatte, Landkreis;5495,59
13072;Rostock, Landkreis;3431,26
13073;Vorpommern-Rügen, Landkreis;3216,18
13074;Nordwestmecklenburg, Landkreis;2127,07
13075;Vorpommern-Greifswald, Landkreis;3945,66
13076;Ludwigslust-Parchim, Landkreis;4766,80
14161;Chemnitz, kreisfreie Stadt (bis 31.07.2008);-
14166;Plauen, kreisfreie Stadt (bis 31.07.2008);-
14167;Zwickau, kreisfreie Stadt (bis 31.07.2008);-
14171;Annaberg, Landkreis (bis 31.07.2008);-
14173;Chemnitzer Land, Landkreis (bis 31.07.2008);-
14177;Freiberg, Landkreis (bis 31.07.2008);-
14178;Vogtlandkreis (bis 31.07.2008);-
14181;Mittlerer Erzgebirgskreis (bis 31.07.2008);-
14182;Mittweida, Landkreis (bis 31.07.2008);-
14188;Stollberg, Landkreis (bis 31.07.2008);-
14191;Aue-Schwarzenberg, Landkreis (bis 31.07.2008);-
14193;Zwickauer Land, Landkreis (bis 31.07.2008);-
14262;Dresden, kreisfreie Stadt (bis 31.07.2008);-
14263;Görlitz, kreisfreie Stadt (bis 31.07.2008);-
14264;Hoyerswerda, kreisfreie Stadt (bis 31.07.2008);-
14272;Bautzen, Landkreis (bis 31.07.2008);-
14280;Meißen, Landkreis (bis 31.07.2008);-
14284;Niederschlesischer Oberlausitzkreis (b.31.07.2008);-
14285;Riesa-Großenhain, Landkreis (bis 31.07.2008);-
14286;Löbau-Zittau, Landkreis (bis 31.07.2008);-
14287;Sächsische Schweiz, Landkreis (bis 31.07.2008);-
14290;Weißeritzkreis (bis 31.07.2008);-
14292;Kamenz, Landkreis (bis 31.07.2008);-
14365;Leipzig, kreisfreie Stadt (bis 31.07.2008);-
14374;Delitzsch, Landkreis (bis 31.07.2008);-
14375;Döbeln, Landkreis (bis 31.07.2008);-
14379;Leipziger Land, Landkreis (bis 31.07.2008);-
14383;Muldentalkreis (bis 31.07.2008);-
14389;Torgau-Oschatz, Landkreis (bis 31.07.2008);-
14511;Chemnitz, kreisfreie Stadt;221,03
14521;Erzgebirgskreis;1827,94
14522;Mittelsachsen, Landkreis;2116,86
14523;Vogtlandkreis;1412,41
14524;Zwickau, Landkreis;949,78
14612;Dresden, kreisfreie Stadt;328,48
14625;Bautzen, Landkreis;2395,60
14626;Görlitz, Landkreis;2111,41
14627;Meißen, Landkreis;1454,59
14628;Sächsische Schweiz-Osterzgebirge, Landkreis;1654,19
14713;Leipzig, kreisfreie Stadt;297,80
14729;Leipzig, Landkreis;1651,27
14730;Nordsachsen, Landkreis;2028,56
15001;Dessau-Roßlau, kreisfreie Stadt;244,79
15002;Halle (Saale), kreisfreie Stadt;135,02
15003;Magdeburg, kreisfreie Stadt;201,03
15081;Altmarkkreis Salzwedel;2294,16
15082;Anhalt-Bitterfeld, Landkreis;1454,39
15083;Börde, Landkreis;2367,14
15084;Burgenlandkreis;1413,99
15085;Harz, Landkreis;2104,90
15086;Jerichower Land, Landkreis;1577,43
15087;Mansfeld-Südharz, Landkreis;1449,00
15088;Saalekreis;1434,04
15089;Salzlandkreis;1427,56
15090;Stendal, Landkreis;2424,00
15091;Wittenberg, Landkreis;1931,67
15101;Dessau, kreisfreie Stadt (bis 30.06.2007);-
15151;Anhalt-Zerbst, Landkreis (bis 30.06.2007);-
15153;Bernburg, Landkreis (bis 30.06.2007);-
15154;Bitterfeld, Landkreis (bis 30.06.2007);-
15159;Köthen, Landkreis (bis 30.06.2007);-
15171;Wittenberg, Landkreis (bis 30.06.2007);-
15202;Halle (Saale), kreisfreie Stadt (bis 30.06.2007);-
15256;Burgenlandkreis (bis 30.06.2007);-
15260;Mansfelder Land, Landkreis (bis 30.06.2007);-
15261;Merseburg-Querfurt, Landkreis (bis 30.06.2007);-
15265;Saalkreis (bis 30.06.2007);-
15266;Sangerhausen, Landkreis (bis 30.06.2007);-
15268;Weißenfels, Landkreis (bis 30.06.2007);-
15303;Magdeburg, kreisfreie Stadt (bis 30.06.2007);-
15352;Aschersleben-Staßfurt, Landkreis (bis 30.06.2007);-
15355;Bördekreis (bis 30.06.2007);-
15357;Halberstadt, Landkreis (bis 30.06.2007);-
15358;Jerichower Land, Landkreis (bis 30.06.2007);-
15362;Ohrekreis (bis 30.06.2007);-
15363;Stendal, Landkreis (bis 30.06.2007);-
15364;Quedlinburg, Landkreis (bis 30.06.2007);-
15367;Schönebeck, Landkreis (bis 30.06.2007);-
15369;Wernigerode, Landkreis (bis 30.06.2007);-
15370;Altmarkkreis Salzwedel (bis 30.06.2007);-
16051;Erfurt, kreisfreie Stadt;269,91
16052;Gera, kreisfreie Stadt;152,18
16053;Jena, kreisfreie Stadt;114,77
16054;Suhl, kreisfreie Stadt;141,62
16055;Weimar, kreisfreie Stadt;84,48
16056;Eisenach, kreisfreie Stadt (bis 30.06.2021);104,17
16061;Eichsfeld, Landkreis;943,07
16062;Nordhausen, Landkreis;713,93
16063;Wartburgkreis;1266,96
16064;Unstrut-Hainich-Kreis;979,68
16065;Kyffhäuserkreis;1037,91
16066;Schmalkalden-Meiningen, Landkreis;1251,21
16067;Gotha, Landkreis;936,08
16068;Sömmerda, Landkreis;806,86
16069;Hildburghausen, Landkreis;938,42
16070;Ilm-Kreis;805,11
16071;Weimarer Land, Landkreis;804,48
16072;Sonneberg, Landkreis;460,85
16073;Saalfeld-Rudolstadt, Landkreis;1008,79
16074;Saale-Holzland-Kreis;815,24
16075;Saale-Orla-Kreis;1151,30
16076;Greiz, Landkreis;845,98
16077;Altenburger Land, Landkreis;569,39
__________
"Gebietsfläche:
Berlin (1995-2000):
bezogen auf den Gebietsstand 01.01.2001.

Rheinland-Pfalz:
Landessumme ab 2004 einschließlich des Gebietes ""gemeinsames
deutsch-luxemburgisches Hoheitsgebiet"" von 6,20 qkm.

Sachsen (1995):
bezogen auf den Gebietsstand 01.01.1996."
© Statistisches Bundesamt (Destatis), 2022
Stand: 21.11.2022 / 09:52:35

