Bodenfläche qkm,Stichtag,Nutzungsarten
"20733,340",31.12.1992,Gebäude- und Freifläche
"2427,290",31.12.1992,Betriebsfläche
"1877,580",31.12.1992,Betriebsfläche Abbauland
"2254,740",31.12.1992,Erholungsfläche
"16440,840",31.12.1992,Verkehrsfläche
"14815,130",31.12.1992,"Straße, Weg, Platz"
"195111,990",31.12.1992,Landwirtschaftsfläche
"104535,570",31.12.1992,Waldfläche
"7837,010",31.12.1992,Wasserfläche
"7629,700",31.12.1992,Flächen anderer Nutzung
"326,590",31.12.1992,Friedhof
