Bruttowertschöpfung zu Faktorkosten Mill. EUR,Jahr,Waren- und Dienstleistungskäufe Mill. EUR,Unternehmen Anzahl,Aufwendungen für Leiharbeitnehmer Mill. EUR,Löhne und Gehälter Mill. EUR,Sozialversicherungskosten Mill. EUR,Tätige Personen Anzahl,Bruttobetriebsüberschuss Mill. EUR,Gebuchte Bruttobeiträge Mill. EUR,Lohn- und Gehaltsempfänger in Vollzeiteinheiten Anzahl,WZ2008 (2- bis 5-Steller): Versicherungen,Personalaufwendungen Mill. EUR,Produktionswert Mill. EUR
23890,2020,87853,1176,728,9907,3018,153054,10965,324992,138354,"Versicherungen, Rückversicherungen, Pensionskassen",12925,111743
14055,2020,58036,963,693,7886,1918,132177,4251,237023,119132,Versicherungen,9804,72091
2497,2020,16055,494,381,1649,427,21752,421,98581,18286,Lebensversicherungen,2076,18552
11558,2020,41981,469,312,6236,1491,110425,3830,138442,100846,Nichtlebensversicherungen,7728,53539
7641,2020,29266,29,16,1919,1072,19122,4650,73745,17725,Rückversicherungen,2991,36907
2194,2020,551,184,19,102,28,1755,2064,14224,1497,Pensionskassen und Pensionsfonds,130,2745
